Time	Position	Symbol	Type	Volume	Price	S / L	T / P	Time	Price	Commission	Swap	Profit
2024.12.20 16:30:09	610091041	XAUUSD.s	sell	0.01	2615.31			2024.12.20 16:36:33	2614.92	0.00	0.00	0.39
2024.12.20 16:30:09	610091061	XAUUSD.s	sell	0.01	2615.30			2024.12.20 16:36:33	2614.92	0.00	0.00	0.38
2024.12.20 16:30:10	610091127	XAUUSD.s	sell	0.01	2615.33			2024.12.20 16:36:33	2614.92	0.00	0.00	0.41
2024.12.20 16:30:10	610091147	XAUUSD.s	sell	0.01	2615.41			2024.12.20 16:36:33	2614.92	0.00	0.00	0.49
2024.12.20 16:30:19	610091626	XAUUSD.s	sell	0.01	2615.58			2024.12.20 16:36:33	2614.92	0.00	0.00	0.66
2024.12.20 16:30:19	610091664	XAUUSD.s	sell	0.01	2615.65			2024.12.20 16:36:33	2614.92	0.00	0.00	0.73
2024.12.20 16:30:24	610091887	XAUUSD.s	sell	0.01	2615.84			2024.12.20 16:36:33	2614.92	0.00	0.00	0.92
2024.12.20 16:30:24	610091928	XAUUSD.s	sell	0.01	2615.85			2024.12.20 16:36:33	2614.92	0.00	0.00	0.93
2024.12.20 16:30:24	610091915	XAUUSD.s	sell	0.01	2615.85			2024.12.20 16:36:33	2614.92	0.00	0.00	0.93
2024.12.20 16:30:40	610092680	XAUUSD.s	sell	0.01	2616.22			2024.12.20 16:36:34	2614.92	0.00	0.00	1.30
2024.12.20 16:30:40	610092702	XAUUSD.s	sell	0.01	2616.21			2024.12.20 16:36:33	2614.92	0.00	0.00	1.29
2024.12.20 16:30:40	610092710	XAUUSD.s	sell	0.01	2616.21			2024.12.20 16:36:33	2614.92	0.00	0.00	1.29
2024.12.20 16:30:40	610092721	XAUUSD.s	sell	0.01	2616.21			2024.12.20 16:36:33	2614.92	0.00	0.00	1.29
2024.12.20 16:31:02	610093851	XAUUSD.s	sell	0.02	2616.38			2024.12.20 16:36:33	2614.92	0.00	0.00	2.92
2024.12.20 16:31:02	610093850	XAUUSD.s	sell	0.02	2616.38			2024.12.20 16:36:33	2614.92	0.00	0.00	2.92
2024.12.20 16:31:02	610093856	XAUUSD.s	sell	0.02	2616.42			2024.12.20 16:36:34	2614.92	0.00	0.00	3.00
2024.12.20 16:31:52	610097578	XAUUSD.s	sell	0.02	2617.05			2024.12.20 16:36:34	2614.92	0.00	0.00	4.26
2024.12.20 16:31:52	610097574	XAUUSD.s	sell	0.02	2617.05			2024.12.20 16:36:34	2614.92	0.00	0.00	4.26
2024.12.20 16:31:52	610097587	XAUUSD.s	sell	0.02	2617.05			2024.12.20 16:36:33	2614.92	0.00	0.00	4.26
2024.12.20 16:31:52	610097590	XAUUSD.s	sell	0.02	2617.05			2024.12.20 16:36:34	2614.92	0.00	0.00	4.26
2024.12.20 16:34:01	610106859	XAUUSD.s	sell	0.02	2617.42			2024.12.20 16:36:34	2614.92	0.00	0.00	5.00
2024.12.20 16:34:01	610106927	XAUUSD.s	sell	0.02	2617.38			2024.12.20 16:36:33	2614.92	0.00	0.00	4.92
2024.12.20 16:35:00	610112573	XAUUSD.s	sell	0.02	2617.48			2024.12.20 16:36:33	2614.92	0.00	0.00	5.12
2024.12.20 16:35:01	610112581	XAUUSD.s	sell	0.02	2617.48			2024.12.20 16:36:33	2614.92	0.00	0.00	5.12
2024.12.20 16:35:01	610112599	XAUUSD.s	sell	0.02	2617.19			2024.12.20 16:36:34	2614.92	0.00	0.00	4.54
2024.12.20 16:35:02	610112615	XAUUSD.s	sell	0.02	2617.13			2024.12.20 16:36:33	2614.92	0.00	0.00	4.42
2024.12.20 16:35:02	610112624	XAUUSD.s	sell	0.02	2617.14			2024.12.20 16:36:34	2614.92	0.00	0.00	4.44
2024.12.20 16:35:21	610113886	XAUUSD.s	sell	0.02	2617.05			2024.12.20 16:36:34	2614.92	0.00	0.00	4.26
2024.12.20 16:35:22	610113903	XAUUSD.s	sell	0.02	2616.87			2024.12.20 16:36:33	2614.92	0.00	0.00	3.90
2024.12.20 16:35:22	610113912	XAUUSD.s	sell	0.02	2616.88			2024.12.20 16:36:34	2614.92	0.00	0.00	3.92
2024.12.20 16:35:22	610113918	XAUUSD.s	sell	0.02	2616.87			2024.12.20 16:36:34	2614.92	0.00	0.00	3.90
2024.12.20 16:35:22	610113927	XAUUSD.s	sell	0.02	2616.82			2024.12.20 16:36:34	2614.92	0.00	0.00	3.80
2024.12.20 16:35:44	610114952	XAUUSD.s	sell	0.02	2616.21			2024.12.20 16:36:34	2614.92	0.00	0.00	2.58
2024.12.20 16:35:45	610114957	XAUUSD.s	sell	0.02	2616.07			2024.12.20 16:36:34	2614.92	0.00	0.00	2.30
2024.12.20 16:35:45	610114962	XAUUSD.s	sell	0.02	2616.01			2024.12.20 16:36:34	2614.92	0.00	0.00	2.18
2024.12.20 16:35:45	610114972	XAUUSD.s	sell	0.02	2616.00			2024.12.20 16:36:34	2614.92	0.00	0.00	2.16
2024.12.20 16:35:50	610115319	XAUUSD.s	sell	0.02	2615.94			2024.12.20 16:36:33	2614.92	0.00	0.00	2.04
2024.12.20 16:35:50	610115337	XAUUSD.s	sell	0.02	2615.92			2024.12.20 16:36:33	2614.92	0.00	0.00	2.00
2024.12.20 16:35:50	610115371	XAUUSD.s	sell	0.02	2616.03			2024.12.20 16:36:34	2614.92	0.00	0.00	2.22
2024.12.20 16:48:01	610161032	XAUUSD.s	buy	0.03	2614.40			2024.12.20 16:50:48	2616.57	0.00	0.00	6.51
2024.12.20 16:48:01	610161039	XAUUSD.s	buy	0.03	2614.40			2024.12.20 16:50:48	2616.57	0.00	0.00	6.51
2024.12.20 16:48:01	610161042	XAUUSD.s	buy	0.03	2614.40			2024.12.20 16:50:48	2616.57	0.00	0.00	6.51
2024.12.20 16:48:01	610161048	XAUUSD.s	buy	0.03	2614.39			2024.12.20 16:50:49	2616.57	0.00	0.00	6.54
2024.12.20 16:48:01	610161055	XAUUSD.s	buy	0.03	2614.38			2024.12.20 16:50:49	2616.57	0.00	0.00	6.57
2024.12.20 16:48:02	610161069	XAUUSD.s	buy	0.03	2614.50			2024.12.20 16:50:49	2616.57	0.00	0.00	6.21
2024.12.20 16:48:02	610161130	XAUUSD.s	buy	0.03	2614.45			2024.12.20 16:50:49	2616.57	0.00	0.00	6.36
2024.12.20 16:49:01	610164149	XAUUSD.s	buy	0.03	2613.74			2024.12.20 16:50:48	2616.57	0.00	0.00	8.49
2024.12.20 16:49:58	610166510	XAUUSD.s	buy	0.03	2615.13			2024.12.20 16:50:49	2616.57	0.00	0.00	4.32
2024.12.20 16:49:59	610166524	XAUUSD.s	buy	0.03	2615.16			2024.12.20 16:50:49	2616.57	0.00	0.00	4.23
2024.12.20 16:49:59	610166533	XAUUSD.s	buy	0.03	2615.17			2024.12.20 16:50:49	2616.57	0.00	0.00	4.20
2024.12.20 16:49:59	610166553	XAUUSD.s	buy	0.03	2615.22			2024.12.20 16:50:48	2616.57	0.00	0.00	4.05
2024.12.20 16:50:00	610166583	XAUUSD.s	buy	0.03	2615.21			2024.12.20 16:50:48	2616.57	0.00	0.00	4.08
2024.12.20 16:50:00	610166625	XAUUSD.s	buy	0.03	2615.10			2024.12.20 16:50:49	2616.57	0.00	0.00	4.41
2024.12.20 16:51:31	610173094	BTCUSD.s	buy	0.04	95151.04			2024.12.20 16:53:51	95502.32	0.00	0.00	14.05
2024.12.20 16:51:31	610173097	BTCUSD.s	buy	0.04	95164.57			2024.12.20 16:53:51	95502.32	0.00	0.00	13.51
2024.12.20 16:51:31	610173106	BTCUSD.s	buy	0.04	95164.57			2024.12.20 16:53:51	95502.32	0.00	0.00	13.51
2024.12.20 16:51:31	610173115	BTCUSD.s	buy	0.04	95154.88			2024.12.20 16:53:51	95502.32	0.00	0.00	13.90
2024.12.20 16:51:32	610173136	BTCUSD.s	buy	0.04	95199.39			2024.12.20 16:53:51	95502.32	0.00	0.00	12.12
2024.12.20 16:51:32	610173172	BTCUSD.s	buy	0.04	95213.26			2024.12.20 16:53:51	95502.32	0.00	0.00	11.56
2024.12.20 16:52:02	610174806	BTCUSD.s	buy	0.04	95307.14			2024.12.20 16:53:51	95502.32	0.00	0.00	7.81
2024.12.20 16:52:02	610174807	BTCUSD.s	buy	0.04	95307.14			2024.12.20 16:53:51	95502.32	0.00	0.00	7.81
2024.12.20 16:52:02	610174821	BTCUSD.s	buy	0.04	95310.12			2024.12.20 16:53:51	95502.32	0.00	0.00	7.69
2024.12.20 16:52:02	610174826	BTCUSD.s	buy	0.04	95306.16			2024.12.20 16:53:52	95502.44	0.00	0.00	7.85
2024.12.20 16:52:03	610174839	BTCUSD.s	buy	0.04	95292.79			2024.12.20 16:53:52	95504.41	0.00	0.00	8.46
2024.12.20 16:52:03	610174855	BTCUSD.s	buy	0.04	95290.98			2024.12.20 16:53:52	95504.41	0.00	0.00	8.54
2024.12.20 16:53:03	610177319	BTCUSD.s	buy	0.04	95427.52			2024.12.20 16:53:52	95504.41	0.00	0.00	3.08
2024.12.20 16:53:03	610177325	BTCUSD.s	buy	0.04	95419.90			2024.12.20 16:53:52	95504.41	0.00	0.00	3.38
2024.12.20 16:53:04	610177353	BTCUSD.s	buy	0.04	95417.31			2024.12.20 16:53:52	95504.41	0.00	0.00	3.48
2024.12.20 16:53:05	610177391	BTCUSD.s	buy	0.04	95423.86			2024.12.20 16:53:52	95504.41	0.00	0.00	3.22
2024.12.20 16:53:07	610177452	BTCUSD.s	buy	0.04	95434.06			2024.12.20 16:53:52	95504.41	0.00	0.00	2.81
2024.12.20 16:53:07	610177474	BTCUSD.s	buy	0.04	95439.44			2024.12.20 16:53:52	95504.41	0.00	0.00	2.60
2024.12.20 17:23:01	610289980	BTCUSD.s	buy	0.06	96430.97			2024.12.20 17:26:19	96918.46	0.00	0.00	29.25
2024.12.20 17:23:01	610289996	BTCUSD.s	buy	0.06	96446.77			2024.12.20 17:26:20	96918.46	0.00	0.00	28.30
2024.12.20 17:23:01	610290004	BTCUSD.s	buy	0.06	96446.77			2024.12.20 17:26:19	96918.46	0.00	0.00	28.30
2024.12.20 17:23:02	610290015	BTCUSD.s	buy	0.06	96460.22			2024.12.20 17:26:19	96918.46	0.00	0.00	27.49
2024.12.20 17:23:02	610290059	BTCUSD.s	buy	0.06	96473.07			2024.12.20 17:26:19	96918.46	0.00	0.00	26.72
2024.12.20 17:23:06	610290305	BTCUSD.s	buy	0.06	96429.51			2024.12.20 17:26:19	96918.46	0.00	0.00	29.34
2024.12.20 17:24:01	610292567	BTCUSD.s	buy	0.03	96718.78			2024.12.20 17:26:19	96918.46	0.00	0.00	5.99
2024.12.20 17:24:01	610292575	BTCUSD.s	buy	0.03	96719.88			2024.12.20 17:26:20	96918.46	0.00	0.00	5.96
2024.12.20 17:24:01	610292590	BTCUSD.s	buy	0.03	96710.32			2024.12.20 17:26:19	96918.46	0.00	0.00	6.24
2024.12.20 17:24:02	610292605	BTCUSD.s	buy	0.03	96708.65			2024.12.20 17:26:20	96917.82	0.00	0.00	6.28
2024.12.20 17:24:02	610292624	BTCUSD.s	buy	0.03	96691.58			2024.12.20 17:26:20	96914.08	0.00	0.00	6.68
2024.12.20 17:24:02	610292630	BTCUSD.s	buy	0.03	96686.97			2024.12.20 17:26:20	96914.08	0.00	0.00	6.81
2024.12.20 17:57:00	610402852	XAUUSD.s	sell	0.04	2630.03			2024.12.20 18:10:02	2627.81	0.00	0.00	8.88
2024.12.20 17:57:00	610402857	XAUUSD.s	sell	0.04	2630.03			2024.12.20 18:10:02	2627.81	0.00	0.00	8.88
2024.12.20 17:57:01	610402862	XAUUSD.s	sell	0.04	2630.03			2024.12.20 18:10:02	2627.81	0.00	0.00	8.88
2024.12.20 17:57:01	610402877	XAUUSD.s	sell	0.04	2630.04			2024.12.20 18:10:03	2627.81	0.00	0.00	8.92
2024.12.20 17:57:01	610402891	XAUUSD.s	sell	0.04	2630.04			2024.12.20 18:10:02	2627.81	0.00	0.00	8.92
2024.12.20 17:57:02	610402912	XAUUSD.s	sell	0.04	2630.03			2024.12.20 18:10:03	2627.81	0.00	0.00	8.88
2024.12.20 17:58:00	610404812	XAUUSD.s	sell	0.04	2629.72			2024.12.20 18:10:03	2627.81	0.00	0.00	7.64
2024.12.20 17:59:01	610406701	XAUUSD.s	sell	0.04	2631.13			2024.12.20 18:10:03	2627.78	0.00	0.00	13.40
2024.12.20 18:00:00	610408848	XAUUSD.s	sell	0.04	2631.07			2024.12.20 18:10:03	2627.78	0.00	0.00	13.16
2024.12.20 18:00:01	610408873	XAUUSD.s	sell	0.04	2631.05			2024.12.20 18:10:02	2627.78	0.00	0.00	13.08
2024.12.20 18:00:01	610408908	XAUUSD.s	sell	0.04	2631.03			2024.12.20 18:10:03	2627.78	0.00	0.00	13.00
2024.12.20 18:00:02	610408995	XAUUSD.s	sell	0.04	2630.98			2024.12.20 18:10:02	2627.78	0.00	0.00	12.80
2024.12.20 18:00:02	610409010	XAUUSD.s	sell	0.04	2631.04			2024.12.20 18:10:03	2627.78	0.00	0.00	13.04
2024.12.20 18:00:03	610409124	XAUUSD.s	sell	0.04	2631.08			2024.12.20 18:10:02	2627.78	0.00	0.00	13.20
2024.12.20 19:07:02	610532396	XAUUSD.s	sell	0.09	2626.03			2024.12.20 19:33:27	2624.19	0.00	0.00	16.56
2024.12.20 19:07:02	610532401	XAUUSD.s	sell	0.09	2625.99			2024.12.20 19:33:27	2624.19	0.00	0.00	16.20
2024.12.20 19:07:02	610532407	XAUUSD.s	sell	0.09	2625.97			2024.12.20 19:33:27	2624.19	0.00	0.00	16.02
2024.12.20 19:07:02	610532418	XAUUSD.s	sell	0.09	2625.95			2024.12.20 19:33:27	2624.19	0.00	0.00	15.84
2024.12.20 19:07:03	610532427	XAUUSD.s	sell	0.09	2625.95			2024.12.20 19:33:27	2624.19	0.00	0.00	15.84
2024.12.20 19:08:00	610533313	XAUUSD.s	sell	0.09	2626.21			2024.12.20 19:33:27	2624.19	0.00	0.00	18.18
2024.12.20 19:08:57	610535372	XAUUSD.s	sell	0.09	2626.82			2024.12.20 19:33:27	2624.19	0.00	0.00	23.67
2024.12.20 19:09:52	610536862	XAUUSD.s	sell	0.09	2627.26			2024.12.20 19:33:27	2624.19	0.00	0.00	27.63
2024.12.20 19:10:58	610538467	XAUUSD.s	sell	0.09	2626.42			2024.12.20 19:33:27	2624.19	0.00	0.00	20.07
2024.12.20 19:10:58	610538472	XAUUSD.s	sell	0.09	2626.43			2024.12.20 19:33:27	2624.19	0.00	0.00	20.16
2024.12.20 19:10:58	610538475	XAUUSD.s	sell	0.09	2626.43			2024.12.20 19:33:27	2624.19	0.00	0.00	20.16
2024.12.20 19:10:59	610538488	XAUUSD.s	sell	0.09	2626.43			2024.12.20 19:33:27	2624.19	0.00	0.00	20.16
2024.12.20 19:10:59	610538492	XAUUSD.s	sell	0.09	2626.46			2024.12.20 19:33:27	2624.19	0.00	0.00	20.43
2024.12.20 19:12:25	610539940	XAUUSD.s	sell	0.09	2626.99			2024.12.20 19:33:27	2624.19	0.00	0.00	25.20
2024.12.20 19:17:40	610544598	XAUUSD.s	sell	0.09	2626.78			2024.12.20 19:33:27	2624.19	0.00	0.00	23.31
2024.12.20 19:17:40	610544608	XAUUSD.s	sell	0.09	2626.90			2024.12.20 19:33:27	2624.19	0.00	0.00	24.39
2024.12.20 19:35:14	610565772	BTCUSD.s	sell	0.06	96972.00			2024.12.20 20:07:28	96884.59	0.00	0.00	5.24
2024.12.20 19:35:15	610565779	BTCUSD.s	sell	0.06	96968.76			2024.12.20 20:07:28	96884.59	0.00	0.00	5.05
2024.12.20 19:35:15	610565792	BTCUSD.s	sell	0.06	96976.51			2024.12.20 20:07:28	96884.59	0.00	0.00	5.52
2024.12.20 19:35:15	610565805	BTCUSD.s	sell	0.06	96979.21			2024.12.20 20:07:28	96884.59	0.00	0.00	5.68
2024.12.20 19:35:16	610565821	BTCUSD.s	sell	0.06	96978.78			2024.12.20 20:07:28	96884.59	0.00	0.00	5.65
2024.12.20 19:36:02	610566746	BTCUSD.s	sell	0.06	96982.23			2024.12.20 20:07:28	96884.59	0.00	0.00	5.86
2024.12.20 19:36:02	610566769	BTCUSD.s	sell	0.06	96973.99			2024.12.20 20:07:28	96884.59	0.00	0.00	5.36
2024.12.20 19:36:02	610566762	BTCUSD.s	sell	0.06	96970.84			2024.12.20 20:07:28	96884.59	0.00	0.00	5.18
2024.12.20 19:36:02	610566773	BTCUSD.s	sell	0.06	96971.31			2024.12.20 20:07:28	96884.59	0.00	0.00	5.20
2024.12.20 19:36:03	610566810	BTCUSD.s	sell	0.06	96996.86			2024.12.20 20:07:28	96885.53	0.00	0.00	6.68
2024.12.20 19:36:04	610566868	BTCUSD.s	sell	0.06	97015.33			2024.12.20 20:07:28	96885.53	0.00	0.00	7.79
2024.12.20 19:36:04	610566875	BTCUSD.s	sell	0.06	97040.39			2024.12.20 20:07:28	96885.53	0.00	0.00	9.29
2024.12.20 19:36:04	610566885	BTCUSD.s	sell	0.06	97036.54			2024.12.20 20:07:28	96885.53	0.00	0.00	9.06
2024.12.20 19:36:04	610566900	BTCUSD.s	sell	0.06	97032.47			2024.12.20 20:07:28	96885.53	0.00	0.00	8.82
2024.12.20 19:36:04	610566901	BTCUSD.s	sell	0.06	97032.47			2024.12.20 20:07:28	96885.53	0.00	0.00	8.82
2024.12.20 19:36:06	610566938	BTCUSD.s	sell	0.06	97029.57			2024.12.20 20:07:28	96885.53	0.00	0.00	8.64
2024.12.20 19:36:06	610566955	BTCUSD.s	sell	0.06	97029.57			2024.12.20 20:07:28	96885.53	0.00	0.00	8.64
2024.12.20 19:36:06	610566968	BTCUSD.s	sell	0.06	97030.19			2024.12.20 20:07:28	96885.53	0.00	0.00	8.68
2024.12.20 19:36:06	610566981	BTCUSD.s	sell	0.06	97025.77			2024.12.20 20:07:28	96885.53	0.00	0.00	8.41
2024.12.20 19:36:07	610566990	BTCUSD.s	sell	0.06	97018.19			2024.12.20 20:07:28	96885.53	0.00	0.00	7.96
2024.12.20 19:36:10	610567079	BTCUSD.s	sell	0.06	96985.82			2024.12.20 20:07:28	96885.53	0.00	0.00	6.02
2024.12.20 19:36:10	610567080	BTCUSD.s	sell	0.06	96993.19			2024.12.20 20:07:28	96885.53	0.00	0.00	6.46
2024.12.20 19:36:11	610567093	BTCUSD.s	sell	0.06	96993.19			2024.12.20 20:07:28	96885.53	0.00	0.00	6.46
2024.12.20 19:36:11	610567096	BTCUSD.s	sell	0.06	96993.19			2024.12.20 20:07:28	96885.53	0.00	0.00	6.46
2024.12.20 19:36:12	610567101	BTCUSD.s	sell	0.06	96992.19			2024.12.20 20:07:28	96885.53	0.00	0.00	6.40
2024.12.20 19:37:41	610569007	BTCUSD.s	sell	0.06	97199.57			2024.12.20 20:07:28	96885.53	0.00	0.00	18.84
2024.12.20 19:37:42	610569075	BTCUSD.s	sell	0.06	97200.07			2024.12.20 20:07:28	96885.53	0.00	0.00	18.87
2024.12.20 19:37:43	610569085	BTCUSD.s	sell	0.06	97200.44			2024.12.20 20:07:28	96885.53	0.00	0.00	18.89
2024.12.20 19:37:43	610569098	BTCUSD.s	sell	0.06	97200.44			2024.12.20 20:07:28	96885.53	0.00	0.00	18.89
2024.12.20 19:37:44	610569135	BTCUSD.s	sell	0.06	97200.44			2024.12.20 20:07:28	96885.53	0.00	0.00	18.89
2024.12.20 19:38:34	610570151	BTCUSD.s	sell	0.06	97194.68			2024.12.20 20:07:28	96885.53	0.00	0.00	18.55
2024.12.20 19:38:34	610570159	BTCUSD.s	sell	0.06	97195.19			2024.12.20 20:07:28	96885.53	0.00	0.00	18.58
2024.12.20 19:38:35	610570161	BTCUSD.s	sell	0.06	97201.75			2024.12.20 20:07:28	96885.53	0.00	0.00	18.97
2024.12.20 19:38:35	610570180	BTCUSD.s	sell	0.06	97196.97			2024.12.20 20:07:28	96885.53	0.00	0.00	18.69
2024.12.20 19:38:36	610570185	BTCUSD.s	sell	0.06	97190.81			2024.12.20 20:07:28	96885.53	0.00	0.00	18.32
2024.12.20 19:56:32	610590924	BTCUSD.s	sell	0.11	97321.19			2024.12.20 20:07:28	96885.53	0.00	0.00	47.92
2024.12.20 19:56:34	610590950	BTCUSD.s	sell	0.11	97321.87			2024.12.20 20:07:28	96885.53	0.00	0.00	48.00
2024.12.20 19:56:35	610590957	BTCUSD.s	sell	0.11	97323.74			2024.12.20 20:07:28	96885.53	0.00	0.00	48.20
2024.12.20 19:56:36	610590960	BTCUSD.s	sell	0.11	97316.71			2024.12.20 20:07:28	96885.53	0.00	0.00	47.43
2024.12.20 19:56:36	610590963	BTCUSD.s	sell	0.11	97320.55			2024.12.20 20:07:28	96885.53	0.00	0.00	47.85
2024.12.20 20:07:36	610601574	BTCUSD.s	sell	0.04	96843.18			2024.12.20 22:00:14	97055.78	0.00	0.00	-8.50
2024.12.20 20:07:37	610601582	BTCUSD.s	sell	0.04	96838.19			2024.12.20 22:00:14	97055.78	0.00	0.00	-8.70
2024.12.20 20:07:37	610601589	BTCUSD.s	sell	0.04	96833.24			2024.12.20 22:00:14	97055.78	0.00	0.00	-8.90
2024.12.20 20:07:37	610601596	BTCUSD.s	sell	0.04	96837.57			2024.12.20 22:00:14	97055.78	0.00	0.00	-8.73
2024.12.20 20:07:40	610601637	BTCUSD.s	sell	0.04	96844.94			2024.12.20 22:00:14	97055.78	0.00	0.00	-8.43
2024.12.20 20:08:12	610601999	BTCUSD.s	sell	0.04	96894.79			2024.12.20 22:00:14	97055.78	0.00	0.00	-6.44
2024.12.20 20:08:13	610602006	BTCUSD.s	sell	0.04	96892.94			2024.12.20 22:00:14	97055.78	0.00	0.00	-6.51
2024.12.20 20:08:13	610602010	BTCUSD.s	sell	0.04	96887.25			2024.12.20 22:00:14	97055.78	0.00	0.00	-6.74
2024.12.20 20:08:13	610602012	BTCUSD.s	sell	0.04	96896.46			2024.12.20 22:00:14	97055.78	0.00	0.00	-6.37
2024.12.20 20:08:14	610602014	BTCUSD.s	sell	0.04	96893.21			2024.12.20 22:00:14	97055.78	0.00	0.00	-6.50
2024.12.20 20:08:14	610602017	BTCUSD.s	sell	0.04	96899.07			2024.12.20 22:00:14	97055.78	0.00	0.00	-6.27
2024.12.20 20:08:15	610602020	BTCUSD.s	sell	0.04	96901.02			2024.12.20 22:00:14	97055.78	0.00	0.00	-6.19
2024.12.20 20:08:15	610602026	BTCUSD.s	sell	0.04	96918.11			2024.12.20 22:00:14	97055.78	0.00	0.00	-5.51
2024.12.20 20:08:15	610602028	BTCUSD.s	sell	0.04	96906.81			2024.12.20 22:00:14	97055.78	0.00	0.00	-5.96
2024.12.20 20:08:15	610602035	BTCUSD.s	sell	0.04	96908.74			2024.12.20 22:00:14	97055.78	0.00	0.00	-5.88
2024.12.20 20:08:29	610602295	BTCUSD.s	sell	0.04	96903.54			2024.12.20 22:00:14	97055.78	0.00	0.00	-6.09
2024.12.20 20:09:06	610602931	BTCUSD.s	sell	0.04	96940.51			2024.12.20 22:00:14	97055.78	0.00	0.00	-4.61
2024.12.20 20:09:46	610603409	BTCUSD.s	sell	0.04	96852.54			2024.12.20 22:00:14	97055.78	0.00	0.00	-8.13
2024.12.20 20:09:49	610603426	BTCUSD.s	sell	0.04	96861.72			2024.12.20 22:00:14	97055.78	0.00	0.00	-7.76
2024.12.20 20:09:50	610603428	BTCUSD.s	sell	0.04	96861.72			2024.12.20 22:00:14	97055.78	0.00	0.00	-7.76
2024.12.20 20:09:50	610603429	BTCUSD.s	sell	0.04	96854.54			2024.12.20 22:00:14	97055.78	0.00	0.00	-8.05
2024.12.20 20:09:50	610603430	BTCUSD.s	sell	0.04	96854.55			2024.12.20 22:00:14	97055.78	0.00	0.00	-8.05
2024.12.20 20:09:50	610603432	BTCUSD.s	sell	0.04	96854.63			2024.12.20 22:00:14	97055.78	0.00	0.00	-8.05
2024.12.20 20:13:29	610606745	BTCUSD.s	buy	0.04	96953.23			2024.12.20 20:14:11	96801.78	0.00	0.00	-6.06
2024.12.20 20:13:29	610606744	BTCUSD.s	buy	0.04	96953.23			2024.12.20 20:14:11	96801.78	0.00	0.00	-6.06
2024.12.20 20:13:29	610606751	BTCUSD.s	buy	0.04	96950.26			2024.12.20 20:14:11	96801.78	0.00	0.00	-5.94
2024.12.20 20:13:29	610606756	BTCUSD.s	buy	0.04	96950.51			2024.12.20 20:14:11	96801.78	0.00	0.00	-5.95
2024.12.20 20:13:30	610606761	BTCUSD.s	buy	0.04	96950.51			2024.12.20 20:14:11	96801.78	0.00	0.00	-5.95
2024.12.20 20:13:30	610606784	BTCUSD.s	buy	0.04	96950.43			2024.12.20 20:14:11	96801.78	0.00	0.00	-5.95
2024.12.20 20:13:32	610606802	BTCUSD.s	buy	0.04	96951.68			2024.12.20 20:14:11	96801.78	0.00	0.00	-6.00
2024.12.20 20:13:32	610606807	BTCUSD.s	buy	0.04	96941.58			2024.12.20 20:14:11	96801.78	0.00	0.00	-5.59
2024.12.20 20:13:32	610606811	BTCUSD.s	buy	0.04	96948.63			2024.12.20 20:14:11	96801.78	0.00	0.00	-5.87
2024.12.20 20:13:33	610606828	BTCUSD.s	buy	0.04	96948.82			2024.12.20 20:14:12	96799.90	0.00	0.00	-5.96
2024.12.20 20:13:47	610607006	BTCUSD.s	buy	0.04	96852.17			2024.12.20 20:14:12	96799.90	0.00	0.00	-2.09
2024.12.20 20:13:48	610607014	BTCUSD.s	buy	0.04	96855.92			2024.12.20 20:14:12	96799.90	0.00	0.00	-2.24
2024.12.20 20:13:48	610607015	BTCUSD.s	buy	0.04	96855.92			2024.12.20 20:14:12	96799.90	0.00	0.00	-2.24
2024.12.20 20:13:48	610607018	BTCUSD.s	buy	0.04	96855.92			2024.12.20 20:14:12	96799.90	0.00	0.00	-2.24
2024.12.20 20:13:48	610607019	BTCUSD.s	buy	0.04	96851.87			2024.12.20 20:14:12	96799.90	0.00	0.00	-2.08
2024.12.20 20:26:45	610619493	XAUUSD.s	buy	0.04	2625.97			2024.12.20 20:32:12	2624.36	0.00	0.00	-6.44
2024.12.20 20:26:45	610619496	XAUUSD.s	buy	0.04	2625.97			2024.12.20 20:32:12	2624.36	0.00	0.00	-6.44
2024.12.20 20:26:45	610619500	XAUUSD.s	buy	0.04	2625.96			2024.12.20 20:32:12	2624.36	0.00	0.00	-6.40
2024.12.20 20:26:45	610619505	XAUUSD.s	buy	0.04	2625.96			2024.12.20 20:32:12	2624.36	0.00	0.00	-6.40
2024.12.20 20:26:46	610619512	XAUUSD.s	buy	0.04	2625.96			2024.12.20 20:32:12	2624.36	0.00	0.00	-6.40
2024.12.20 20:29:59	610621719	XAUUSD.s	buy	0.04	2624.96			2024.12.20 20:32:12	2624.36	0.00	0.00	-2.40
2024.12.20 20:41:15	610631935	BTCUSD.s	sell	0.04	97104.79			2024.12.20 22:00:14	97055.78	0.00	0.00	1.96
2024.12.20 20:41:16	610631957	BTCUSD.s	sell	0.04	97104.79			2024.12.20 22:00:14	97055.78	0.00	0.00	1.96
2024.12.20 20:41:16	610631959	BTCUSD.s	sell	0.04	97104.79			2024.12.20 22:00:14	97055.78	0.00	0.00	1.96
2024.12.20 20:41:16	610631958	BTCUSD.s	sell	0.04	97104.79			2024.12.20 22:00:14	97055.78	0.00	0.00	1.96
2024.12.20 20:41:17	610631963	BTCUSD.s	sell	0.04	97104.79			2024.12.20 22:00:14	97055.78	0.00	0.00	1.96
2024.12.20 20:41:26	610632028	BTCUSD.s	sell	0.04	97079.39			2024.12.20 22:00:14	97055.78	0.00	0.00	0.94
2024.12.20 20:41:26	610632038	BTCUSD.s	sell	0.04	97097.09			2024.12.20 22:00:14	97055.78	0.00	0.00	1.65
2024.12.20 20:41:26	610632039	BTCUSD.s	sell	0.04	97101.92			2024.12.20 22:00:14	97055.78	0.00	0.00	1.85
2024.12.20 20:46:01	610636349	XAUUSD.s	sell	0.04	2625.53		2623.60	2024.12.20 22:33:53	2625.27	0.00	0.00	1.04
2024.12.20 20:46:01	610636352	XAUUSD.s	sell	0.04	2625.53		2623.60	2024.12.20 22:33:53	2625.27	0.00	0.00	1.04
2024.12.20 20:46:02	610636354	XAUUSD.s	sell	0.04	2625.53		2623.60	2024.12.20 22:33:53	2625.27	0.00	0.00	1.04
2024.12.20 20:46:02	610636355	XAUUSD.s	sell	0.04	2625.53		2623.60	2024.12.20 22:33:53	2625.27	0.00	0.00	1.04
2024.12.20 20:46:02	610636356	XAUUSD.s	sell	0.04	2625.49		2623.60	2024.12.20 22:33:53	2625.27	0.00	0.00	0.88
2024.12.20 20:47:04	610637023	XAUUSD.s	sell	0.04	2625.98		2623.60	2024.12.20 22:33:53	2625.27	0.00	0.00	2.84
2024.12.20 20:56:24	610644516	XAUUSD.s	sell	0.04	2626.73		2623.60	2024.12.20 22:33:53	2625.27	0.00	0.00	5.84
2024.12.20 20:56:24	610644517	XAUUSD.s	sell	0.04	2626.73		2623.60	2024.12.20 22:33:53	2625.27	0.00	0.00	5.84
2024.12.20 20:56:25	610644520	XAUUSD.s	sell	0.04	2626.72		2623.60	2024.12.20 22:33:53	2625.27	0.00	0.00	5.80
2024.12.20 20:56:25	610644525	XAUUSD.s	sell	0.04	2626.69		2623.60	2024.12.20 22:33:53	2625.27	0.00	0.00	5.68
2024.12.20 20:56:25	610644527	XAUUSD.s	sell	0.04	2626.68		2623.60	2024.12.20 22:33:53	2625.27	0.00	0.00	5.64
2024.12.20 20:56:28	610644539	XAUUSD.s	sell	0.05	2626.74		2623.60	2024.12.20 22:33:53	2625.27	0.00	0.00	7.35
2024.12.20 20:56:28	610644540	XAUUSD.s	sell	0.05	2626.72		2623.60	2024.12.20 22:33:53	2625.27	0.00	0.00	7.25
2024.12.20 20:57:51	610645183	BTCUSD.s	sell	0.05	97151.39			2024.12.20 22:00:14	97055.78	0.00	0.00	4.78
2024.12.20 20:58:38	610645447	XAUUSD.s	sell	0.05	2626.66		2623.60	2024.12.20 22:33:53	2625.27	0.00	0.00	6.95
2024.12.20 21:17:26	610657155	XAUUSD.s	sell	0.05	2627.73		2623.60	2024.12.20 22:33:53	2625.27	0.00	0.00	12.30
2024.12.20 21:18:15	610658064	BTCUSD.s	sell	0.02	97363.00			2024.12.20 22:00:14	97055.78	0.00	0.00	6.14
2024.12.20 21:18:16	610658111	BTCUSD.s	sell	0.05	97363.95			2024.12.20 22:00:14	97055.78	0.00	0.00	15.41
2024.12.20 21:18:17	610658119	BTCUSD.s	sell	0.05	97363.83			2024.12.20 22:00:14	97055.78	0.00	0.00	15.40
2024.12.20 21:18:17	610658132	BTCUSD.s	sell	0.05	97363.58			2024.12.20 22:00:14	97055.78	0.00	0.00	15.39
2024.12.20 21:18:17	610658143	BTCUSD.s	sell	0.05	97369.08			2024.12.20 22:00:14	97055.78	0.00	0.00	15.67
2024.12.20 21:18:18	610658165	BTCUSD.s	sell	0.05	97349.32			2024.12.20 22:00:14	97055.78	0.00	0.00	14.68
2024.12.20 21:20:06	610659425	BTCUSD.s	sell	0.05	97463.85			2024.12.20 22:00:14	97055.78	0.00	0.00	20.40
2024.12.20 21:20:46	610660028	XAUUSD.s	sell	0.05	2627.83		2623.60	2024.12.20 22:33:53	2625.27	0.00	0.00	12.80
2024.12.20 21:20:47	610660030	XAUUSD.s	sell	0.05	2627.83		2623.60	2024.12.20 22:33:53	2625.27	0.00	0.00	12.80
2024.12.20 21:20:47	610660031	XAUUSD.s	sell	0.05	2627.80		2623.60	2024.12.20 22:33:53	2625.27	0.00	0.00	12.65
2024.12.20 21:20:47	610660032	XAUUSD.s	sell	0.05	2627.80		2623.60	2024.12.20 22:33:53	2625.27	0.00	0.00	12.65
2024.12.20 21:20:48	610660035	XAUUSD.s	sell	0.05	2627.80		2623.60	2024.12.20 22:33:53	2625.27	0.00	0.00	12.65
2024.12.20 21:23:27	610662179	BTCUSD.s	sell	0.11	97636.83			2024.12.20 22:00:14	97055.78	0.00	0.00	63.92
2024.12.20 21:23:27	610662186	BTCUSD.s	sell	0.11	97638.63			2024.12.20 22:00:14	97055.78	0.00	0.00	64.11
2024.12.20 21:23:33	610662346	BTCUSD.s	sell	0.11	97644.22			2024.12.20 22:00:14	97055.78	0.00	0.00	64.73
2024.12.20 21:34:31	610666664	BTCUSD.s	sell	0.11	97650.20			2024.12.20 22:00:14	97055.78	0.00	0.00	65.39
2024.12.20 21:34:35	610666672	BTCUSD.s	sell	0.11	97682.57			2024.12.20 22:00:14	97055.78	0.00	0.00	68.95
2024.12.20 21:34:36	610666683	BTCUSD.s	sell	0.11	97684.60			2024.12.20 22:00:14	97055.78	0.00	0.00	69.17
2024.12.20 22:00:25	610680048	BTCUSD.s	sell	0.05	97016.40		96350.00	2024.12.20 22:33:53	96598.55	0.00	0.00	20.89
2024.12.20 22:00:25	610680049	BTCUSD.s	sell	0.05	97016.40		96350.00	2024.12.20 22:33:53	96598.55	0.00	0.00	20.89
2024.12.20 22:00:25	610680052	BTCUSD.s	sell	0.05	97017.45		96350.00	2024.12.20 22:33:53	96590.96	0.00	0.00	21.32
2024.12.20 22:00:25	610680053	BTCUSD.s	sell	0.05	97017.45		96350.00	2024.12.20 22:33:53	96598.55	0.00	0.00	20.95
2024.12.20 22:00:26	610680054	BTCUSD.s	sell	0.05	97015.90		96350.00	2024.12.20 22:33:53	96590.96	0.00	0.00	21.25
2024.12.20 22:13:03	610686357	BTCUSD.s	sell	0.2	97135.77		96350.00	2024.12.20 22:33:53	96590.96	0.00	0.00	108.96
2024.12.20 22:13:37	610686454	BTCUSD.s	sell	0.16	97161.01		96350.00	2024.12.20 22:33:53	96598.55	0.00	0.00	89.99